DROP TABLE IF EXISTS bruker;
DROP TABLE IF EXISTS ferdigbrent_kaffe;
DROP TABLE IF EXISTS kaffesmaking;
DROP TABLE IF EXISTS kaffebrenneri;
DROP TABLE IF EXISTS foredlingsmetode;
DROP TABLE IF EXISTS kaffeparti;
DROP TABLE IF EXISTS best친r_av;
DROP TABLE IF EXISTS kaffeb칮nner;
DROP TABLE IF EXISTS dyrket_av;
DROP TABLE IF EXISTS kaffeg친rd;
DROP TABLE IF EXISTS region;
DROP TABLE IF EXISTS land;

CREATE TABLE IF NOT EXISTS bruker (
    bruker_id INT NOT NULL,
    epost varchar(50) NOT NULL,
    passord varchar(50) NOT NULL,
    fornavn varchar(30),
    etternavn varchar(30),
    CONSTRAINT bruker_pk PRIMARY KEY (bruker_id)
);

INSERT INTO bruker VALUES(1, 'marius@gmail.com', "hemmeligpassord", "marius", "mariussen");
INSERT INTO bruker VALUES(2, 'hei@gmail.com', "secretpassord123", "ola", "nordmann");
INSERT INTO bruker VALUES(3, 'hu@stud.ntnu.no', "passord", "petter", "pettersen");
INSERT INTO bruker VALUES(4, 'test@gmail.com', "passord123", "tobias", "gunnes");
INSERT INTO bruker VALUES(5, 'bruker1@gmail.com', "secretkey123", "rick", "astley");
INSERT INTO bruker VALUES(6, 'annenbruker@hotmail.com', "bruker1sucks", "petter", "stordalen");
INSERT INTO bruker VALUES(7, 'student@stud.ntnu.com', "12345678", "peter", "pan");


CREATE TABLE IF NOT EXISTS ferdigbrent_kaffe (
    ferdigbrent_kaffe_id INT NOT NULL,
    navn varchar(50) NOT NULL,
    dato DATE NOT NULL,
    brenningsgrad varchar(30),
    beskrivelse varchar(100),
    kilopris_nok float NOT NULL,
    parti_id int NOT NULL,
    kaffebrenneri_id int NOT NULL,
    CONSTRAINT ferdigbrent_kaffe_pk PRIMARY KEY (ferdigbrent_kaffe_id)
    CONSTRAINT ferdigbrent_kaffe_fk1 FOREIGN KEY (parti_id) REFERENCES kaffeparti(parti_id)
        ON UPDATE CASCADE
        ON DELETE CASCADE,
    CONSTRAINT ferdigbrentkaffe_fk2 FOREIGN KEY (kaffebrenneri_id) REFERENCES kaffebrenneri(kaffebrenneri_id)
        ON UPDATE CASCADE
        ON DELETE CASCADE
);


INSERT INTO ferdigbrent_kaffe VALUES(1, 'vinterkaffe 2022', "2022-01-20 10:00:00", "lysbrent", "en velsmakende og kompleks kaffe for m칮rketiden", 600.00, 5, 1);
INSERT INTO ferdigbrent_kaffe VALUES(2, 'rusten kaffe', "2021-03-04 10:00:00", "middels brent", "en skikkelig god kaffe med smak av gammel spiker", 399.00, 4, 2);
INSERT INTO ferdigbrent_kaffe VALUES(3, 'esporesso', "2021-02-09 10:00:00", "lysbrent", "Espresse, men med O", 499.00, 5, 1);
INSERT INTO ferdigbrent_kaffe VALUES(4, 'caff칟 americano', "2020-09-26 10:00:00", "m칮rkbrent", "en amerikansk kaffe, ekstra stor og billig", 200.00, 3, 4);
INSERT INTO ferdigbrent_kaffe VALUES(5, 'sommerkaffe 2021', "2020-11-01 10:00:00", "m칮rkbrent", "it's koffe, but only drink floral during summer", 299.00, 7, 5);
INSERT INTO ferdigbrent_kaffe VALUES(6, 'gangsterkaffe 420', "2022-05-21 10:00:00", "lysbrent", "eyo ", 459.00, 6, 2);
INSERT INTO ferdigbrent_kaffe VALUES(7, 'h칮stkaffe 2021', "2019-09-25 10:00:00", "middels brent", "only drink h칮st", 420, 2, 2);
INSERT INTO ferdigbrent_kaffe VALUES(8, 'v친rkaffe 2023', "2022-03-09 10:00:00", "lysbrent", "smaker godt p친 v친ren :)", 299.00, 5, 3);
INSERT INTO ferdigbrent_kaffe VALUES(9, 'starbuck', "2015-02-16 10:00:00", "lysbrent", "starbuck 200kr for en kaffe hva i s칮ren", 321.00, 8, 4);
INSERT INTO ferdigbrent_kaffe VALUES(10, 'mocha kaffe', "2020-07-12 10:00:00", "middels brent", "gr칮nn kaffe som er floral", 421.00, 4, 1);
INSERT INTO ferdigbrent_kaffe VALUES(11, 'iskaffe', "2021-06-05 10:00:00", "lysbrent", "yo, that's icecold, I even got the chills hypothermia游땬游", 68.00, 5, 5);
INSERT INTO ferdigbrent_kaffe VALUES(12, 'halloween kaffe', "2022-04-09 10:00:00", "middles brent", "spooky delicious!", 41.00, 1, 3);
INSERT INTO ferdigbrent_kaffe VALUES(13, 'kaffe', "2022-04-09 10:00:00", "middles brent", "delicious!", 41.00, 9, 3);

CREATE TABLE IF NOT EXISTS kaffesmaking (
    kaffesmaking_id INT NOT NULL,
    smaksnotater VARCHAR(100),
    poeng INT NOT NULL,
    smaksdato DATE NOT NULL,
    bruker_id INT NOT NULL,
    ferdigbrent_kaffe_id INT NOT NULL,
    CONSTRAINT kaffesmaking_pk PRIMARY KEY (kaffesmaking_id),
    CONSTRAINT kaffesmaking_fk1 FOREIGN KEY (bruker_id) REFERENCES bruker(bruker_id)
        ON UPDATE CASCADE
        ON DELETE CASCADE,
    CONSTRAINT kaffesmaking_fk2 FOREIGN KEY (ferdigbrent_kaffe_id) REFERENCES ferdigbrent_kaffe(ferdigbrent_kaffe_id)
        ON UPDATE CASCADE
        ON DELETE CASCADE
);

INSERT INTO kaffesmaking VALUES(1, 'pretty good coffee', 5, '2020-01-20 10:00:00', 4, 2);
INSERT INTO kaffesmaking VALUES(2, 'veldig d친rlig smak', 1, "2020-12-30 10:00:00", 2, 1);
INSERT INTO kaffesmaking VALUES(3, 'floral', 7, "2019-03-03 10:00:00", 3, 1);
INSERT INTO kaffesmaking VALUES(4, 'helt Ok', 1, "2022-08-13 10:00:00", 4, 1);
INSERT INTO kaffesmaking VALUES(5, 'decent, mamma lager bedre tbh (L + ratio) BOZO', 3, "2022-02-12 10:00:00", 1, 1);
INSERT INTO kaffesmaking VALUES(6, 'smaker sopp mmmh kantarell', 4, "2022-02-17 10:00:00", 1, 1);
INSERT INTO kaffesmaking VALUES(7, 'ikke god, ikke d친rlig', 4, "2022-02-27 10:00:00", 2, 2);
INSERT INTO kaffesmaking VALUES(8, 'mening1', 4, "2022-03-02 10:00:00", 3, 3);
INSERT INTO kaffesmaking VALUES(9, 'mening2', 9, "2022-02-18 10:00:00", 4, 7);
INSERT INTO kaffesmaking VALUES(10, 'jeg har ikke en mening (NPC)游봆游땻游뱄', 4, "2022-02-21 10:00:00", 5, 8);
INSERT INTO kaffesmaking VALUES(11, 'gi meg pengene tilbake v칝r s친 snill', 4, "2022-02-22 10:00:00", 5, 10);
INSERT INTO kaffesmaking VALUES(12, 'iphon 11', 4, "2022-02-08 10:00:00", 3, 6);
INSERT INTO kaffesmaking VALUES(13, 'asdasdasd', 8, "2022-02-02 10:00:00", 3, 3);
INSERT INTO kaffesmaking VALUES(14, 'meget floral', 4, "2022-02-01 10:00:00", 6, 7);
INSERT INTO kaffesmaking VALUES(15, 'scrumptious', 10, "2022-02-11 10:00:00", 7, 8);
INSERT INTO kaffesmaking VALUES(16, 'breedable and submissive', 3, "2022-02-28 10:00:00", 1, 9);
INSERT INTO kaffesmaking VALUES(17, 'emil (8) liker den fordi den er floral', 5, "2021-02-13 10:00:00", 1, 2);
INSERT INTO kaffesmaking VALUES(18, 'jeg liker denne kaffen den er god', 2, "2021-02-14 10:00:00", 3, 2);

CREATE TABLE IF NOT EXISTS kaffebrenneri (
    kaffebrenneri_id INT NOT NULL,
    navn VARCHAR(50) NOT NULL,
    CONSTRAINT kaffebrenneri_pk PRIMARY KEY (kaffebrenneri_id)
);

INSERT INTO kaffebrenneri VALUES(1, 'jacobsen & svart');
INSERT INTO kaffebrenneri VALUES(2, "best brenneri euw");
INSERT INTO kaffebrenneri VALUES(3, "best brenneri na");
INSERT INTO kaffebrenneri VALUES(4, "brenneri antonsen"); 
INSERT INTO kaffebrenneri VALUES(5, "la brenneria de casa"); 

CREATE TABLE IF NOT EXISTS foredlingsmetode (
    foredlingsmetode_id INT NOT NULL,
    navn VARCHAR(30) NOT NULL,
    beskrivelse VARCHAR(100),
    CONSTRAINT foredlingsmetode_pk PRIMARY KEY (foredlingsmetode_id)
);

INSERT INTO foredlingsmetode VALUES(1, 'b칝rt칮rket', 't칮rker b칝rene lol游때游때游때游때游뉧릜');
INSERT INTO foredlingsmetode VALUES(2, 'vasket', 'washy washy游붛游붛');

CREATE TABLE IF NOT EXISTS kaffeparti (
    parti_id INT NOT NULL,
    innh칮stings친r INT NOT NULL,
    kilopris_usd FLOAT NOT NULL,
    foredlingsmetode_id INT NOT NULL,
    kaffeg친rd_id INT NOT NULL,
    CONSTRAINT kaffeparti_pk PRIMARY KEY (parti_id),
    CONSTRAINT kaffeparti_fk1 FOREIGN KEY (foredlingsmetode_id) REFERENCES foredlingsmetode(foredlingsmetode_id)
        ON UPDATE CASCADE
        ON DELETE CASCADE,
    CONSTRAINT kaffeparti_fk2 FOREIGN KEY (kaffeg친rd_id) REFERENCES kaffeg친rd(kaffeg친rd_id)
        ON UPDATE CASCADE
        ON DELETE CASCADE
);

INSERT INTO kaffeparti VALUES(1, '2017', 1.5, 1, 2);
INSERT INTO kaffeparti VALUES(2, '2018', 69.0, 2, 3);
INSERT INTO kaffeparti VALUES(3, '2019', 42.0, 2, 4);
INSERT INTO kaffeparti VALUES(4, '2020', 21.0, 1, 4);
INSERT INTO kaffeparti VALUES(5, '2021', 8.0, 1, 1);
INSERT INTO kaffeparti VALUES(6, '2022', 66.6, 2, 5);
INSERT INTO kaffeparti VALUES(7, '2016', 66.6, 2, 2);
INSERT INTO kaffeparti VALUES(8, '2015', 66.6, 2, 1);
INSERT INTO kaffeparti VALUES(9, '2014', 66.6, 1, 3);

CREATE TABLE IF NOT EXISTS best친r_av (
    parti_id INT NOT NULL,
    kaffeb칮nne_id INT NOT NULL,
    CONSTRAINT best친r_av_fk1 FOREIGN KEY (parti_id) REFERENCES kaffeparti(parti_id)
        ON UPDATE CASCADE
        ON DELETE CASCADE,
    CONSTRAINT best친r_av_fk2 FOREIGN KEY (kaffeb칮nne_id) REFERENCES kaffeb칮nner(kaffeb칮nne_id)
        ON UPDATE CASCADE
        ON DELETE CASCADE
);

INSERT INTO best친r_av VALUES(5,1);
INSERT INTO best친r_av VALUES(2,1);
INSERT INTO best친r_av VALUES(3,2);
INSERT INTO best친r_av VALUES(4,3);
INSERT INTO best친r_av VALUES(1,2);

CREATE TABLE IF NOT EXISTS kaffeb칮nner (
    kaffeb칮nne_id INT NOT NULL,
    navn VARCHAR(30) NOT NULL,
    art VARCHAR(30) NOT NULL,
    CONSTRAINT kaffeb칮nner_pk PRIMARY KEY (kaffeb칮nne_id)
);

INSERT INTO kaffeb칮nner VALUES(1, 'c. Bourbon', 'c. arabica');
INSERT INTO kaffeb칮nner VALUES(2, 'tanzania peaberry coffee', 'den beste arten');
INSERT INTO kaffeb칮nner VALUES(3, 'nicaraguan coffee', 'jeg elsker kaffe');
INSERT INTO kaffeb칮nner VALUES(4, 'ethiopian harrar coffee', 'c++');
INSERT INTO kaffeb칮nner VALUES(5, 'mocha java coffee', 'java');


CREATE TABLE IF NOT EXISTS dyrket_av (
    kaffeb칮nne_id INT NOT NULL,
    kaffeg친rd_id INT NOT NULL,
    CONSTRAINT dyrket_av_fk1 FOREIGN KEY (kaffeb칮nne_id) REFERENCES kaffeb칮nner(kaffeb칮nne_id)
        ON UPDATE CASCADE
        ON DELETE CASCADE,
    CONSTRAINT dyrket_av_fk2 FOREIGN KEY (kaffeg친rd_id) REFERENCES kaffeg친rd(kaffeg친rd_id)
        ON UPDATE CASCADE
        ON DELETE CASCADE
);

INSERT INTO dyrket_av VALUES(1, 1);
INSERT INTO dyrket_av VALUES(1, 2);

CREATE TABLE IF NOT EXISTS kaffeg친rd (
    kaffeg친rd_id INT NOT NULL,
    navn VARCHAR(50) NOT NULL,
    region_id INT NOT NULL,  
    CONSTRAINT kaffeg친rd_pk PRIMARY KEY (kaffeg친rd_id),
    CONSTRAINT kaffeg친rd_fk FOREIGN KEY (region_id) REFERENCES region(region_id)
        ON UPDATE CASCADE
        ON DELETE CASCADE 
);

INSERT INTO kaffeg친rd VALUES(1, 'nombre de dios', 1);
INSERT INTO kaffeg친rd VALUES(2, 'kaffeg친rd finland perkele', 2);
INSERT INTO kaffeg친rd VALUES(3, 'unklabrundur g친rd', 3);
INSERT INTO kaffeg친rd VALUES(4, 'kaffeg친rd', 4);
INSERT INTO kaffeg친rd VALUES(5, 'kaffeg친rd2', 3);

CREATE TABLE IF NOT EXISTS region (
    region_id INT NOT NULL,
    navn VARCHAR(30) NOT NULL,
    moh FLOAT NOT NULL,
    land_id INT NOT NULL,
    CONSTRAINT region_pk PRIMARY KEY (region_id),
    CONSTRAINT region_fk FOREIGN KEY (land_id) REFERENCES land(land_id)
        ON UPDATE CASCADE
        ON DELETE CASCADE
);

INSERT INTO region VALUES(1, "santa ana", 1500, 1);
INSERT INTO region VALUES(2, "vest-finland", 123, 2);
INSERT INTO region VALUES(3, 'vest-colombia', 500, 7);
INSERT INTO region VALUES(4, '칮st-rwanda', 439, 6);
INSERT INTO region VALUES(5, 'java', 69, 5);


CREATE TABLE IF NOT EXISTS land (
    land_id INT NOT NULL,
    navn VARCHAR(30) NOT NULL,
    CONSTRAINT land_pk PRIMARY KEY (land_id)
);

INSERT INTO land VALUES(1, "el salvador");
INSERT INTO land VALUES(2, "finland");
INSERT INTO land VALUES(3, 'norge');
INSERT INTO land VALUES(4, 'frankrike');
INSERT INTO land VALUES(5, 'chinatown');
INSERT INTO land VALUES(6, 'rwanda');
INSERT INTO land VALUES(7, 'colombia');